{"W":[[[-1.1377994415278376,2.499125766950992,11.592126711155329,12.090564871040806,-3.6371736858124155,9.219042141536839,10.11178526443327,135.0227196097049,-18.38835850957891,-1.6502323557018135,5.98721044143655,2.4209899846801988,-0.15925157053794228],[-1.9568008537013741,1.9597394636629648,-4.553607263902003,-4.850664707317527,1.0793150793093635,8.304248655301354,-10.20439396472871,-54.01146547745211,7.5642854880073624,-3.082542783699263,7.540607511037332,4.369742839846631,-7.998133813842449],[0.031062077097366997,0.9822541594456541,0.38028375595884506,0.9792481138160639,0.7580291883482958,0.07524405831996069,0.14057744616142998,0.004779442375259905,0.5075183273456509,0.47418993933969766,0.9640753868883785,0.8623386405714826,0.06114638811532274]],[[-1.6707359026763486],[-8.160602379540158],[9.229481477600299],[9.839253097514108],[-5.092843475630292],[2.1460209981581717],[-16.24749806443454],[121.3159555413879],[-18.59849699509999],[-2.4036372839306677],[-1.083951755477206],[-5.4212733224430965],[-13.275334062782623]]],"B":[[-0.47898939258863427,3.1573377058797645,-3.6127639777266913,-3.6815063320918044,2.0145140150575482,3.5900329191069513,9.186668520609537,-37.43274945800515,5.192260098020531,-1.1534682689432332,3.026982961475511,2.3197215998227576,12.76589651036313],[-11.631589639750898]],"D":[[-3.2219416790018885e-62,-1.5325846835451436e-62,1.3441754170865585e-61,1.4480542882587957e-61,-7.992701716920306e-62,3.726944132484935e-64,-3.7955646513879353e-65,6.623158441260191e-65,-2.1853220279523584e-61,-2.802115803046301e-62,-7.080264730498604e-64,-1.899810641194359e-62,-6.947106550032847e-66],[9.32872943220738e-62]],"Z":[[-2.8190139493401745,6.0991081391813875,-2.7926190528862294,-2.921282613712325,1.428713767850887,15.452405197366433,4.043723710115188,-28.793530378539984,4.21181071253273,-4.777160722129338,12.749526616082685,7.492515462537877,5.177580034314533],[-74.8122877462919]],"L":2,"LS":[13,1]}